"ID","ACTION_NAME","CREATE_DATE","LOG_TYPE","RULE"
"4028e96d6a73e929016b6e7a0e7a0593",,"2019-06-19 14:43:41.0","jenkinsflowlog","ff8081816bd0e800016bd0ec84f40002"
"4028e96d6a73e929016b6e7809880590",,"2019-06-19 14:41:28.0","jenkinsflowlog","ff8081816bd0e800016bd0ec84fd0003"
"4028e96d6a73e929016b695b2ee90511",,"2019-06-18 14:51:51.0","jenkinsflowlog","ff8081816bd0e800016bd0ec85050004"
"4028e96d6a73e929016b6448729104ae",,"2019-06-17 15:13:17.0","jenkinsflowlog","ff8081816bd0e800016bd0ec850e0005"
"4028e96d6a73e929016b6445b33604ab",,"2019-06-17 15:10:17.0","jenkinsflowlog","ff8081816bd0e800016bd0ec85190006"
"4028e96d6a73e929016b64319d8f049f",,"2019-06-17 14:48:21.0","jenkinsflowlog","ff8081816bd0e800016bd0ec85270007"
"4028e96d6a73e929016b56443394045c",,"2019-06-14 21:53:58.0","jenkinsflowlog","ff8081816bd0e800016bd0ec85300008"
"4028e96d6a73e929016b564151fa0458",,"2019-06-14 21:50:49.0","jenkinsflowlog","ff8081816bd0e800016bd0ec85390009"
"4028e96d6a73e929016b54b80e780431",,"2019-06-14 14:41:16.0","jenkinsflowlog","ff8081816bd0e800016bd0ec8543000a"
"4028e96d6a73e929016b27fa1ffb032a",,"2019-06-05 22:10:32.0","jenkinsflowlog","ff8081816bd0e800016bd0ec854d000b"
"4028e96d6a73e929016b21641fbe02d0",,"2019-06-04 15:28:58.0","jenkinsflowlog","ff8081816bd0e800016bd0ec8557000c"
"4028e96d6a73e929016b02baf2820294",,"2019-05-29 16:35:34.0","jenkinsflowlog","ff8081816bd0e800016bd0ec8563000d"
"4028e96d6a73e929016b02a6b19c028e",,"2019-05-29 16:13:27.0","jenkinsflowlog","ff8081816bd0e800016bd0ec856d000e"
"4028e96d6a73e929016af8dd48c3026b",,"2019-05-27 18:36:52.0","jenkinsflowlog","ff8081816bd0e800016bd0ec8588000f"
"4028e96d6a73e929016ae9e097260248",,"2019-05-24 20:46:11.0","jenkinsflowlog","ff8081816bd0e800016bd0ec85920010"
"402872226a2914a6016a2bb98e0c0012",,"2019-04-17 22:35:41.0","jenkinsflowlog","ff8081816bd0e800016bd0ec85990011"
"402872346a017665016a25e6192601c6",,"2019-04-16 19:26:37.0","jenkinsflowlog","ff8081816bd0e800016bd0ec85a20012"
"402872346a017665016a10c01d90010d",,"2019-04-12 16:53:07.0","jenkinsflowlog","ff8081816bd0e800016bd0ec85ab0013"
"402872346a017665016a108cef9f0106",,"2019-04-12 15:57:12.0","jenkinsflowlog","ff8081816bd0e800016bd0ec85b50014"
"402872346a017665016a0b79f22d0099",,"2019-04-11 16:18:22.0","jenkinsflowlog","ff8081816bd0e800016bd0ec85c00015"
"402872346a017665016a0b79a9960097",,"2019-04-11 16:18:03.0","jenkinsflowlog","ff8081816bd0e800016bd0ec85c80016"
"402872346a017665016a0b79340b0095",,"2019-04-11 16:17:33.0","jenkinsflowlog","ff8081816bd0e800016bd0ec85d10017"
"402872346a017665016a0b77955c0093",,"2019-04-11 16:15:47.0","jenkinsflowlog","ff8081816bd0e800016bd0ec85da0018"
"402872346a017665016a0b419c5a008e",,"2019-04-11 15:16:50.0","jenkinsflowlog","ff8081816bd0e800016bd0ec85e90019"
"402872346a017665016a0b28aec90071",,"2019-04-11 14:49:36.0","jenkinsflowlog","ff8081816bd0e800016bd0ec85f8001a"
"402872346a017665016a03a93bb30016",,"2019-04-10 03:53:03.0","jenkinsflowlog","ff8081816bd0e800016bd0ec860a001b"
"4028723c69bcec730169bcf90472000a",,"2019-03-27 10:27:10.0","jenkinsflowlog","ff8081816bd0e800016bd0ec8611001c"
"40286eb86bb211ba016bbbb608be0091",,"2019-07-04 14:39:57.0","jenkinsflowlog","ff8081816bd46e51016bd4a612c60001"
"40286ebb6b78a0e2016b883f78a5003b",,"2019-06-24 14:49:49.0","jenkinsflowlog","ff8081816bd46e51016bd4a81e750003"
